node_id	bytes	sha256
node-H01D	35389748	941c622c6775126f0b13dd2d7938c715d22b75b55b5e12d764aeee314bfb7583
node-H01E	21540725	b06fca2e88fcfedce2a14d97b2ed01c2424909e6a4177d0468192dbaea88b684
node-H01F	14491551	4d87aae092019e30da9f9dff979401d36f47f6bdb3902afa00808ac68c9c9180
node-H021	46769204	9cac45a5c2ee84d3e8524137152a04736df45f96351a3551c9fca9b7a26a68cd
node-H023	18944849	8c6d30441416ad4f161b6d20bcf69a87dbc53252895a6271d97bc365cc68daea
node-H02E	17403341	720d216915843d6ede39c169a6870f336c8d5867d5a7d5d6e165b45f2bba12f2
node-H02F	26142529	6dc1e2ae1dba5fa8d52594cb49abc95833cdb9e4c69025f18b4e652ae6adb8a2
node-H032	36928028	cbb3d47ca04c9789545c15a9b1ffce4d9fc8c4b866887879fc1393c8efff871f
node-H034	33265907	9f8d36da617ad8aa591021eac67f23b7930fea9867382330663d09625c10e09a
node-H035	61572810	dacebf211e0a7613f18085d43b3b2e966fdd7d5341a3a561cd8d86cd50675762
node-H037a	17026282	be4d3498556a24e0b5d99b1c2bc5606bd1e66bf22d03fae03a65b8636f859518
node-H037b	19546023	49d9b167d5ece16e7d0ada2d857b9aac2b48fac506e8d41e252afe78b9037a59
node-H03A	29179280	da7dd614f44db64a36af65e264e0e0035de49ba1fb0b37cafeb866d867b7669d
node-H03F	33245742	5bdaf8ea94bf4f776a758721b2adceca70a0e97c7e25d2dc53dbe50de1e29fd6
